{"cameraMode":{"drawMode":0,"name":"Shaded","section":"Shading Mode"},"sceneLighting":false,"audioPlay":false,"sceneViewState":{"m_AlwaysRefresh":false,"showFog":true,"showSkybox":false,"showFlares":true,"showImageEffects":true,"showParticleSystems":true,"showVisualEffectGraphs":true,"m_FxEnabled":true},"in2DMode":false,"pivot":{"x":-0.03013448603451252,"y":-0.9242606163024902,"z":0.40132957696914675},"rotation":{"x":0.376302570104599,"y":0.005554851610213518,"z":-0.002256764331832528,"w":0.9264764785766602},"size":1.8364367485046387,"orthographic":false}