{"cameraMode":{"drawMode":0,"name":"Shaded","section":"Shading Mode"},"sceneLighting":false,"audioPlay":false,"sceneViewState":{"m_AlwaysRefresh":false,"showFog":true,"showSkybox":false,"showFlares":true,"showImageEffects":true,"showParticleSystems":true,"showVisualEffectGraphs":true,"m_FxEnabled":true},"in2DMode":false,"pivot":{"x":0.3930000066757202,"y":0.296999990940094,"z":2.3469998836517336},"rotation":{"x":-0.0437956303358078,"y":-0.000588781840633601,"z":0.0000374031369574368,"w":-0.9990238547325134},"size":0.17320501804351808,"orthographic":false}